arrondissement_code;arrondissement_nom;quartier_code;quartier_nom;latitude;longitude
PKO-1;1er arrondissement;;Albarika;;
PKO-1;1er arrondissement;;Alaga;9.350570;2.608000
PKO-1;1er arrondissement;;Bakinkoura;;
PKO-1;1er arrondissement;;Bakpérou;9.275820;2.582190
PKO-1;1er arrondissement;;Banikanni-Douwérou;;
PKO-1;1er arrondissement;;Bèyarou;9.299490;2.595270
PKO-1;1er arrondissement;;Boundarou;9.344980;2.622250
PKO-1;1er arrondissement;;Camp-Adagbè;9.345400;2.606300
PKO-1;1er arrondissement;;Bosso-Camps-Peulhs;;
PKO-1;1er arrondissement;;Damagourou;;
PKO-1;1er arrondissement;;Dépôt;;
PKO-1;1er arrondissement;;Gaanon;9.324180;2.591080
PKO-1;1er arrondissement;;Gounin;;
PKO-1;1er arrondissement;;Kabassira;;
PKO-1;1er arrondissement;;Kadéra;;
PKO-1;1er arrondissement;;Kpébié;9.341210;2.616510
PKO-1;1er arrondissement;;Kpérou-Guéra;;
PKO-1;1er arrondissement;;Madina;;
PKO-1;1er arrondissement;;Monnon;;
PKO-1;1er arrondissement;;Ouézé;;
PKO-1;1er arrondissement;;Sawararou;9.267840;2.587890
PKO-1;1er arrondissement;;Sinagourou;;
PKO-1;1er arrondissement;;Sourou;;
PKO-1;1er arrondissement;;Thian;;
PKO-1;1er arrondissement;;Titirou;;
PKO-1;1er arrondissement;;Tourou-Dispensaire;;
PKO-1;1er arrondissement;;Tourou-Palais-Royal;;
PKO-1;1er arrondissement;;Worou-Tokorou;;
PKO-1;1er arrondissement;;Zazira;;
PKO-2;2e arrondissement;;Agba Agba;;
PKO-2;2e arrondissement;;Assagbinin-Baka;9.330270;2.660340
PKO-2;2e arrondissement;;Bakounourou;;
PKO-2;2e arrondissement;;Banikanni;9.324070;2.647370
PKO-2;2e arrondissement;;Banikanni-ENI;9.332930;2.649300
PKO-2;2e arrondissement;;Banikanni-Madjatom;;
PKO-2;2e arrondissement;;Baparapé;;
PKO-2;2e arrondissement;;Goromosso;;
PKO-2;2e arrondissement;;Korobororou;;
PKO-2;2e arrondissement;;Korobororou-Peulh;9.386360;2.676920
PKO-2;2e arrondissement;;Ladjifarani;;
PKO-2;2e arrondissement;;Ladjifarani-Petit Père;;
PKO-2;2e arrondissement;;Lémanda;9.338770;2.639530
PKO-2;2e arrondissement;;Nima-Sokounon;;
PKO-2;2e arrondissement;;Rose-Croix Bah Mora;9.318920;2.654800
PKO-2;2e arrondissement;;Woubékou-Gah;;
PKO-2;2e arrondissement;;Zongo-Zénon;;
PKO-3;3e arrondissement;;Amanwignon;;
PKO-3;3e arrondissement;;Dokparou;;
PKO-3;3e arrondissement;;Gah;9.347180;2.622370
PKO-3;3e arrondissement;;Ganou;;
PKO-3;3e arrondissement;;Gbira;;
PKO-3;3e arrondissement;;Guéma;;
PKO-3;3e arrondissement;;Nikkikpérou;;
PKO-3;3e arrondissement;;Swinrou-Kpassagambou;;
PKO-3;3e arrondissement;;Tranza;;
PKO-3;3e arrondissement;;Wansirou;;
PKO-3;3e arrondissement;;Woré;;
PKO-3;3e arrondissement;;Zongo;;
